prior_type,phi_mult,phi_true,gamma_true,seed,gamma_post_mean,gamma_ci_lo,gamma_ci_hi,gamma_ci_width,gamma_bias,gamma_covered_90,accept_rate,rhat_max,n_events
flat,0.3,6.179999999999999e-19,2.1,0,1.92369406756535,1.439064118386256,2.302185319482984,0.8631212010967282,-0.1763059324346501,1.0,0.610575,1.1964978512282314,973
flat,0.3,6.179999999999999e-19,2.1,1,2.641435443238957,1.8567529331828063,4.38563004345343,2.528877110270624,0.5414354432389574,1.0,0.5841333333333334,1.2046573200947777,985
flat,0.3,6.179999999999999e-19,2.1,2,2.182620618767665,1.6513345240328146,2.7475868529880376,1.096252328955223,0.082620618767665,1.0,0.6327,1.4306669645740369,1033
flat,0.3,6.179999999999999e-19,2.1,3,3.484127796343804,2.240844313896146,4.55067766607225,2.309833352176104,1.384127796343804,0.0,0.5415000000000001,1.23381847859388,995
flat,0.3,6.179999999999999e-19,2.1,4,2.52204114833663,1.4767252713855117,4.1248834409544965,2.648158169568985,0.4220411483366297,1.0,0.6554916666666667,1.3518123614802091,971
flat,0.3,6.179999999999999e-19,2.3,0,3.099808099148341,1.9764258361090328,4.433376986706182,2.456951150597149,0.7998080991483412,1.0,0.6682583333333333,1.5109905544326967,959
flat,0.3,6.179999999999999e-19,2.3,1,3.4802848844864798,2.2780531594699616,4.39384054544809,2.1157873859781287,1.1802848844864795,1.0,0.6287499999999999,1.1426701682726756,977
flat,0.3,6.179999999999999e-19,2.3,2,2.5927239442572803,1.5417884349062607,4.143708617869644,2.601920182963383,0.2927239442572804,1.0,0.6388416666666666,1.4499722780228497,1014
flat,0.3,6.179999999999999e-19,2.3,3,3.661766861429966,2.527148190658831,4.518235352539069,1.991087161880238,1.3617668614299665,0.0,0.590225,1.10918256320067,983
flat,0.3,6.179999999999999e-19,2.3,4,3.337758325869555,2.145482008081361,4.400632461437402,2.2551504533560407,1.037758325869555,1.0,0.5668083333333334,1.2367679895878398,961
flat,0.3,6.179999999999999e-19,2.5,0,2.813710662999174,2.2658658634753683,4.062920238763794,1.7970543752884254,0.3137106629991741,1.0,0.9929375,2.955016426353241,950
flat,0.3,6.179999999999999e-19,2.5,1,2.9120242696624112,2.412130713652743,3.572919433306321,1.1607887196535782,0.4120242696624112,1.0,0.99475,2.870874570908676,969
flat,0.3,6.179999999999999e-19,2.5,2,2.6634641694517365,2.262102637568313,3.049779211930912,0.7876765743625991,0.1634641694517364,1.0,0.992625,2.5313165254044385,1003
flat,0.3,6.179999999999999e-19,2.5,3,3.753549428892823,2.657208504218008,4.645812928464831,1.9886044242468224,1.253549428892823,0.0,0.6077166666666667,1.0495204341403472,974
flat,0.3,6.179999999999999e-19,2.5,4,3.3051109536048235,2.1745019705028152,4.410089553773774,2.2355875832709584,0.8051109536048235,1.0,0.5937916666666666,1.3306930952304807,949
flat,0.3,6.179999999999999e-19,2.7,0,3.6137658241748607,2.6287428123236416,4.442586325129525,1.813843512805884,0.9137658241748604,1.0,0.5773333333333333,1.2111538327783635,942
flat,0.3,6.179999999999999e-19,2.7,1,3.5766563946478045,2.5792355792361747,4.4352799010631285,1.8560443218269536,0.8766563946478043,1.0,0.5739583333333333,1.221742022614603,952
flat,0.3,6.179999999999999e-19,2.7,2,3.580715946160121,2.69994910590074,4.455427277087701,1.7554781711869607,0.8807159461601213,1.0,0.6645249999999999,1.1940811659841073,993
flat,0.3,6.179999999999999e-19,2.7,3,3.78549779156451,2.993744411707929,4.665537062906492,1.671792651198563,1.0854977915645097,0.0,0.5842,1.3763235717214275,967
flat,0.3,6.179999999999999e-19,2.7,4,3.4630517017758504,2.708701614227888,4.091619422162506,1.3829178079346187,0.7630517017758502,0.0,0.5891666666666666,1.4712883313409677,942
flat,0.3,6.179999999999999e-19,2.9,0,3.49084020019284,2.409243627782839,4.451173215373331,2.0419295875904924,0.5908402001928401,1.0,0.5686083333333334,1.269871191078377,941
flat,0.3,6.179999999999999e-19,2.9,1,3.4902530967813306,2.8087649243931616,4.071519977413592,1.2627550530204306,0.5902530967813306,1.0,0.6106583333333333,1.0833370540374712,956
flat,0.3,6.179999999999999e-19,2.9,2,3.543884240138997,2.9453620340445705,4.045591532934204,1.1002294988896335,0.643884240138997,0.0,0.5922333333333334,1.143248335355438,990
flat,0.3,6.179999999999999e-19,2.9,3,3.647590735527441,2.792859312935033,4.414705659890588,1.621846346955555,0.7475907355274409,1.0,0.5618166666666666,1.1363798499058524,964
flat,0.3,6.179999999999999e-19,2.9,4,3.502068203901106,2.921121476972798,4.111198162746322,1.190076685773524,0.6020682039011067,0.0,0.6572833333333334,1.175104382571745,953
flat,0.5,1.03e-18,2.1,0,2.0110547204304976,1.608791115716642,2.32723580927448,0.7184446935578377,-0.0889452795695024,1.0,0.6104666666666667,1.1534194026672562,1025
flat,0.5,1.03e-18,2.1,1,2.285080870968065,1.8373703973726856,2.806415058968886,0.9690446615962004,0.1850808709680649,1.0,0.62485,1.132758095549173,1030
flat,0.5,1.03e-18,2.1,2,2.513464221494592,1.927226481761953,3.995216446637848,2.0679899648758946,0.4134642214945918,1.0,0.5841833333333333,1.4535745485528797,1079
flat,0.5,1.03e-18,2.1,3,2.421476345549661,1.9060250267432288,3.996356970110362,2.090331943367133,0.3214763455496614,1.0,0.5949666666666666,1.1791444913498816,1048
flat,0.5,1.03e-18,2.1,4,2.8827667686226843,1.982045316097592,4.286304213864828,2.3042588977672365,0.7827667686226842,1.0,0.6297666666666666,1.3987191078583316,1024
flat,0.5,1.03e-18,2.3,0,2.9075292170746443,1.9166063992907505,4.273786344603435,2.3571799453126845,0.6075292170746445,1.0,0.6586583333333333,1.1812461382689543,995
flat,0.5,1.03e-18,2.3,1,3.37299389814498,2.234414286914356,4.434715047849525,2.200300760935169,1.07299389814498,1.0,0.6132666666666666,1.1411850325650434,1013
flat,0.5,1.03e-18,2.3,2,2.8601454667241994,1.7732376703784871,4.324367110048325,2.551129439669838,0.5601454667241996,1.0,0.6868916666666667,1.4130829969295566,1060
flat,0.5,1.03e-18,2.3,3,3.5527502833233435,2.287715544220348,4.661580966465167,2.3738654222448194,1.2527502833233437,1.0,0.5810166666666666,1.22139746283481,1021
flat,0.5,1.03e-18,2.3,4,2.787311409630041,1.577658224603166,4.239126482628216,2.6614682580250504,0.487311409630041,1.0,0.6326499999999999,1.3062762751670225,998
flat,0.5,1.03e-18,2.5,0,3.5366524755066377,2.4317197766305725,4.414920790876152,1.9832010142455792,1.0366524755066375,1.0,0.64545,1.1163053447291635,981
flat,0.5,1.03e-18,2.5,1,3.597691559435788,2.774228323097152,4.304344822492385,1.5301164993952328,1.097691559435788,0.0,0.59455,1.078878369296,999
flat,0.5,1.03e-18,2.5,2,2.645564134614356,1.893668985336275,4.136991529759795,2.2433225444235205,0.1455641346143559,1.0,0.5819,1.5360485712074183,1039
flat,0.5,1.03e-18,2.5,3,3.652964227154346,2.5468345912595,4.688814173502789,2.1419795822432888,1.152964227154346,0.0,0.5328583333333333,1.206177168323733,1007
flat,0.5,1.03e-18,2.5,4,3.368680100079815,2.368567193673337,4.313159143512812,1.9445919498394757,0.868680100079815,1.0,0.5731583333333333,1.0921565825566892,987
flat,0.5,1.03e-18,2.7,0,3.5605445303503416,2.4907505105040397,4.540633583385504,2.0498830728814648,0.8605445303503414,1.0,0.6193083333333333,1.1944886544496225,974
flat,0.5,1.03e-18,2.7,1,3.470757312239371,2.6073854108962293,4.176192705860127,1.5688072949638978,0.7707573122393709,1.0,0.5960666666666666,1.183405391869976,993
flat,0.5,1.03e-18,2.7,2,3.513079169882262,2.582069201644404,4.296896472900086,1.7148272712556816,0.8130791698822617,1.0,0.6701999999999999,1.1266774785038691,1030
flat,0.5,1.03e-18,2.7,3,3.728904819340522,2.777142585489256,4.551854068110389,1.7747114826211332,1.028904819340522,0.0,0.5988749999999999,1.0995865954336304,1000
flat,0.5,1.03e-18,2.7,4,3.4109036813973668,2.344391877005625,4.2653011417395525,1.920909264733928,0.7109036813973666,1.0,0.6056166666666667,1.2611538875324997,972
flat,0.5,1.03e-18,2.9,0,3.5410858535469125,2.5340314672947404,4.349634490052242,1.815603022757502,0.6410858535469126,1.0,0.6149416666666666,1.0771469006805905,969
flat,0.5,1.03e-18,2.9,1,3.493617674077657,2.7739221182518983,4.195597323662443,1.4216752054105446,0.5936176740776573,1.0,0.5899666666666666,1.068701984323604,988
flat,0.5,1.03e-18,2.9,2,3.502757084140279,2.619078211785073,4.204511239424697,1.5854330276396236,0.6027570841402792,1.0,0.683,1.1657798295708373,1022
flat,0.5,1.03e-18,2.9,3,3.6878041034901945,2.999709133022689,4.3660956371265565,1.3663865041038674,0.7878041034901946,0.0,0.6309333333333333,1.163291694139553,991
flat,0.5,1.03e-18,2.9,4,3.518673550517497,2.8272302658315094,4.262118321769284,1.4348880559377748,0.6186735505174976,1.0,0.6015083333333333,1.2704803144612908,968
flat,1.0,2.06e-18,2.1,0,2.1152773650856664,1.709539497456548,2.382885864650611,0.6733463671940629,0.0152773650856663,1.0,0.607125,1.2292596617491496,1138
flat,1.0,2.06e-18,2.1,1,1.7539654015750574,1.266587051593227,2.1223941419283934,0.8558070903351664,-0.3460345984249426,1.0,0.5971,1.1785831358600918,1165
flat,1.0,2.06e-18,2.1,2,2.009295731951928,1.5396389870993257,2.298256386952501,0.758617399853176,-0.0907042680480727,1.0,0.6008333333333333,1.4788368976951796,1213
flat,1.0,2.06e-18,2.1,3,2.2403982960223487,1.942560493806808,2.457419312380414,0.514858818573606,0.1403982960223486,1.0,0.6038,1.268028003914638,1169
flat,1.0,2.06e-18,2.1,4,2.1821974472047887,1.8398063228033688,2.4257300141818465,0.5859236913784773,0.0821974472047886,1.0,0.6079666666666667,1.139600268200251,1151
flat,1.0,2.06e-18,2.3,0,2.117407412302703,1.5785256397797434,2.459636831699388,0.8811111919196444,-0.1825925876972967,1.0,0.6316416666666667,1.2618102718780186,1098
flat,1.0,2.06e-18,2.3,1,3.1349990447711296,2.0068244782334483,4.470087290731126,2.463262812497677,0.8349990447711297,1.0,0.6238833333333333,1.228991169784929,1105
flat,1.0,2.06e-18,2.3,2,2.3478232383219386,1.7863883287007898,3.5035644019248777,1.717176073224088,0.0478232383219388,1.0,0.6160833333333333,1.3577497004911954,1158
flat,1.0,2.06e-18,2.3,3,3.459017183067638,2.183299808892791,4.68326623477287,2.49996642588008,1.1590171830676383,1.0,0.5486333333333333,1.3911130124150777,1121
flat,1.0,2.06e-18,2.3,4,2.938707851839553,2.1355300767172536,4.337517046384226,2.2019869696669727,0.6387078518395533,1.0,0.5947166666666667,1.1885196822724455,1104
flat,1.0,2.06e-18,2.5,0,2.481159264358689,2.20258919147538,2.7616548637799507,0.5590656723045706,-0.0188407356413105,1.0,0.992625,3.0227566883754564,1072
flat,1.0,2.06e-18,2.5,1,2.8159318912062905,2.45107651965,3.552806326013761,1.1017298063637613,0.3159318912062905,1.0,0.9956875,2.861591946404712,1081
flat,1.0,2.06e-18,2.5,2,2.393772007943925,2.1702844407627264,2.6015640810298235,0.4312796402670971,-0.1062279920560751,1.0,0.9933125,2.3255760732254207,1130
flat,1.0,2.06e-18,2.5,3,3.662947631211334,2.649796499308064,4.596446917344417,1.946650418036353,1.1629476312113338,0.0,0.6048083333333333,1.0791370462164578,1091
flat,1.0,2.06e-18,2.5,4,3.323578994295622,2.150602787658657,4.408866516204814,2.258263728546156,0.8235789942956222,1.0,0.6243749999999999,1.3767819407033697,1074
flat,1.0,2.06e-18,2.7,0,3.497797308692117,2.6283472243758856,4.274796063087078,1.6464488387111924,0.7977973086921168,1.0,0.6042666666666666,1.1481294223824023,1049
flat,1.0,2.06e-18,2.7,1,3.485025460923402,2.4493219818604706,4.39509352807443,1.945771546213959,0.7850254609234018,1.0,0.5655583333333334,1.119315023795428,1067
flat,1.0,2.06e-18,2.7,2,3.5001516424910863,2.899501326596538,3.8947803993721473,0.9952790727756092,0.8001516424910862,0.0,0.64425,1.2062810867722198,1108
flat,1.0,2.06e-18,2.7,3,3.555472910984162,2.620780418646495,4.369496211203691,1.7487157925571957,0.8554729109841617,1.0,0.6072416666666667,1.2313777310089973,1076
flat,1.0,2.06e-18,2.7,4,3.369576238669004,2.3961621383644798,4.309195735825932,1.9130335974614523,0.6695762386690038,1.0,0.584425,1.1390878414196912,1057
flat,1.0,2.06e-18,2.9,0,3.489853708502148,2.61449829341556,4.2799257664086,1.66542747299304,0.5898537085021478,1.0,0.602375,1.165471590978592,1043
flat,1.0,2.06e-18,2.9,1,3.490787650093964,2.758565884015318,4.15189213786073,1.393326253845412,0.5907876500939637,1.0,0.6260916666666667,1.1630267505719998,1062
flat,1.0,2.06e-18,2.9,2,3.4668033420152877,2.675783524746309,4.081676421620555,1.4058928968742457,0.5668033420152874,1.0,0.6284500000000001,1.3381319001607526,1098
flat,1.0,2.06e-18,2.9,3,3.5757501020790383,2.768678457766092,4.459651814271505,1.6909733565054137,0.6757501020790384,1.0,0.5935416666666666,1.244027975494557,1069
flat,1.0,2.06e-18,2.9,4,3.4330291675684625,2.670010707567409,4.186043109487053,1.5160324019196438,0.5330291675684626,1.0,0.6327500000000001,1.269876420819562,1058
flat,2.0,4.12e-18,2.1,0,1.944950044376303,1.6215475061426825,2.1554380846939964,0.5338905785513139,-0.155049955623697,1.0,0.671475,1.1856665459587947,1404
flat,2.0,4.12e-18,2.1,1,2.058869948203156,1.8538388164640185,2.221293913461419,0.3674550969974006,-0.0411300517968444,1.0,0.5939416666666666,1.3679573316043847,1428
flat,2.0,4.12e-18,2.1,2,2.062746616939782,1.8097017818123176,2.247977716725277,0.4382759349129599,-0.0372533830602179,1.0,0.5875083333333333,1.7513217281766107,1470
flat,2.0,4.12e-18,2.1,3,2.1196380081992467,1.8539477173555683,2.284938183978546,0.4309904666229776,0.0196380081992466,1.0,0.5672499999999999,1.2390007499117837,1433
flat,2.0,4.12e-18,2.1,4,2.059291583679903,1.7712379882425742,2.2393749492572246,0.4681369610146504,-0.040708416320097,1.0,0.628175,1.4996988373717457,1419
flat,2.0,4.12e-18,2.3,0,2.123479761623633,1.7077798372286197,2.4013155349775723,0.6935356977489529,-0.1765202383763666,1.0,0.6344083333333334,1.265001072761936,1297
flat,2.0,4.12e-18,2.3,1,2.1166788425788416,1.712287946087219,2.407002642531156,0.6947146964439375,-0.1833211574211581,1.0,0.5928583333333333,1.2095878534110047,1307
flat,2.0,4.12e-18,2.3,2,2.3116387995189016,1.8586126557198168,2.5615266310474576,0.7029139753276408,0.0116387995189017,1.0,0.6140416666666666,1.3420703431570091,1360
flat,2.0,4.12e-18,2.3,3,2.249800934720766,1.9427696153510263,2.466509784187698,0.5237401688366718,-0.0501990652792336,1.0,0.5972166666666667,1.1337031949066307,1328
flat,2.0,4.12e-18,2.3,4,2.4481299892042565,1.7614994073267434,4.194413546613255,2.4329141392865115,0.1481299892042566,1.0,0.6139333333333333,1.4508436640646696,1306
flat,2.0,4.12e-18,2.5,0,2.925039674255657,2.0697002338845283,4.236094492657339,2.166394258772811,0.425039674255657,1.0,0.6050666666666666,1.5354104723681794,1237
flat,2.0,4.12e-18,2.5,1,3.313001514588434,2.394020302203049,4.388237781864024,1.9942174796609748,0.813001514588434,1.0,0.582975,1.1920487109704292,1252
flat,2.0,4.12e-18,2.5,2,2.882169382578259,1.9972130349696455,4.099171815825551,2.101958780855905,0.382169382578259,1.0,0.6085583333333333,1.3775604085379538,1306
flat,2.0,4.12e-18,2.5,3,3.5455618331754506,2.3893261747678274,4.618921462839069,2.2295952880712413,1.0455618331754506,1.0,0.5864416666666666,1.1617761993706683,1266
flat,2.0,4.12e-18,2.5,4,3.182717115633276,2.087545388700242,4.335249387581196,2.247703998880953,0.6827171156332756,1.0,0.5816583333333333,1.3418125810143788,1245
flat,2.0,4.12e-18,2.7,0,3.3240688598442567,2.284591873181772,4.324979584197985,2.040387711016213,0.6240688598442565,1.0,0.6309833333333333,1.2426331576621177,1210
flat,2.0,4.12e-18,2.7,1,3.406728025044504,2.660373397996867,4.122209423262236,1.4618360252653688,0.7067280250445034,1.0,0.5907166666666667,1.0418780055564407,1219
flat,2.0,4.12e-18,2.7,2,3.3713060989213672,2.467462190991296,4.093377692131877,1.6259155011405817,0.6713060989213671,1.0,0.6021833333333333,1.2472120820954795,1271
flat,2.0,4.12e-18,2.7,3,3.514506161419807,2.655924690290327,4.302227729904207,1.6463030396138798,0.814506161419807,1.0,0.5800333333333333,1.1340017015095063,1235
flat,2.0,4.12e-18,2.7,4,3.3272959538298448,2.5282825466758165,4.21441134047454,1.6861287937987235,0.6272959538298446,1.0,0.6146166666666666,1.1530440439724143,1213
flat,2.0,4.12e-18,2.9,0,3.399413936909637,2.504499964152333,4.220447452750433,1.7159474885980996,0.4994139369096375,1.0,0.64025,1.266294306321578,1190
flat,2.0,4.12e-18,2.9,1,3.371580721689046,2.738328169473968,3.955680664312988,1.2173524948390204,0.4715807216890462,1.0,0.607,1.1880321290967164,1208
flat,2.0,4.12e-18,2.9,2,3.4506466432390925,2.84898922254765,3.875972360595133,1.0269831380474823,0.5506466432390926,1.0,0.6217083333333333,1.3253839893138224,1252
flat,2.0,4.12e-18,2.9,3,3.579513556189794,2.674967287617915,4.399107826508264,1.7241405388903497,0.6795135561897943,1.0,0.5766583333333334,1.1101263895172573,1221
flat,2.0,4.12e-18,2.9,4,3.373151119840786,2.5771137761767644,4.182920757312892,1.6058069811361273,0.4731511198407867,1.0,0.5735083333333333,1.1117864431990194,1194
flat,3.0,6.18e-18,2.1,0,1.990707075509577,1.719107002334279,2.160789621831904,0.4416826194976251,-0.109292924490423,1.0,0.6858,1.2201877247389037,1659
flat,3.0,6.18e-18,2.1,1,1.997610874028729,1.7937321988412465,2.1434433791301024,0.3497111802888559,-0.102389125971271,1.0,0.5983666666666667,1.7483229556417812,1701
flat,3.0,6.18e-18,2.1,2,1.9036829397486477,1.638464964452245,2.109875659138793,0.4714106946865484,-0.1963170602513526,1.0,0.6111833333333333,4.637778423804287,1754
flat,3.0,6.18e-18,2.1,3,2.0520925578615,1.8699205217371635,2.186321396069373,0.3164008743322095,-0.0479074421384999,1.0,0.5807916666666667,1.405719817321935,1705
flat,3.0,6.18e-18,2.1,4,2.0951224677540843,1.7839100803576389,2.262111991416009,0.4782019110583699,-0.0048775322459158,1.0,0.5976250000000001,2.241240480365108,1741
flat,3.0,6.18e-18,2.3,0,2.020397418744385,1.5772983707651898,2.2991682463523966,0.7218698755872068,-0.2796025812556149,0.0,0.6838416666666667,1.3312710171972804,1508
flat,3.0,6.18e-18,2.3,1,2.2656388423430145,1.9893314012724224,2.454463586615105,0.4651321853426828,-0.0343611576569853,1.0,0.5608916666666666,1.3284622037080864,1511
flat,3.0,6.18e-18,2.3,2,2.1078977375059207,1.6905745776416177,2.368244284536079,0.6776697068944613,-0.1921022624940791,1.0,0.6011083333333334,1.877958868202972,1577
flat,3.0,6.18e-18,2.3,3,2.2018383840936564,1.905769674885532,2.379743315594646,0.4739736407091142,-0.0981616159063434,1.0,0.572225,1.179779044957998,1539
flat,3.0,6.18e-18,2.3,4,2.1672119016714717,1.7399223001747215,2.39425288374131,0.6543305835665887,-0.1327880983285285,1.0,0.6130249999999999,2.235242000435843,1522
flat,3.0,6.18e-18,2.5,0,2.545843441784208,2.341103189553404,2.753279169500437,0.4121759799470328,0.0458434417842079,1.0,0.9918125,3.202505075310174,1406
flat,3.0,6.18e-18,2.5,1,2.6214579076734443,2.42335765348578,2.834448347485002,0.4110906939992222,0.1214579076734443,1.0,0.9941875,2.455122998081153,1414
flat,3.0,6.18e-18,2.5,2,2.4008329977664724,2.246455955156388,2.565863270522135,0.3194073153657473,-0.0991670022335275,1.0,0.991875,2.1498292759981674,1482
flat,3.0,6.18e-18,2.5,3,3.544194997535208,2.375178922993324,4.603463743636764,2.2282848206434407,1.0441949975352078,1.0,0.5898666666666667,1.085128144343522,1437
flat,3.0,6.18e-18,2.5,4,3.0324875274401424,2.2046157965595667,4.247152669549108,2.042536872989541,0.5324875274401424,1.0,0.5781916666666667,1.1615353124988004,1422
flat,3.0,6.18e-18,2.7,0,3.282766671263385,2.257732462415746,4.328040627546466,2.07030816513072,0.5827666712633848,1.0,0.6435833333333334,1.2259007019432775,1363
flat,3.0,6.18e-18,2.7,1,3.370177987781677,2.6560424576928328,4.068868018161461,1.4128255604686282,0.6701779877816767,1.0,0.6224083333333333,1.642584949230658,1374
flat,3.0,6.18e-18,2.7,2,3.164544818446313,2.047938868999061,4.42588309845602,2.377944229456959,0.464544818446313,1.0,0.6721583333333333,1.3953081172022377,1437
flat,3.0,6.18e-18,2.7,3,3.4906796333185075,2.698694902546704,4.327835221909372,1.6291403193626683,0.7906796333185073,1.0,0.5866,1.4160687623016814,1391
flat,3.0,6.18e-18,2.7,4,3.294006477753462,2.433873247143992,4.198910714588342,1.7650374674443503,0.5940064777534619,1.0,0.5637583333333334,1.1289259929671729,1366
flat,3.0,6.18e-18,2.9,0,3.3413261053775787,2.478672560246776,4.197277107792593,1.7186045475458176,0.4413261053775787,1.0,0.6371249999999999,1.265307522885397,1339
flat,3.0,6.18e-18,2.9,1,3.3428183266016145,2.751079262296246,3.918664581343589,1.167585319047343,0.4428183266016146,1.0,0.6015916666666667,1.1182688904122708,1351
flat,3.0,6.18e-18,2.9,2,3.3865137010131554,2.8191387128731016,3.821402647262637,1.0022639343895352,0.4865137010131555,1.0,0.5995833333333332,1.2924914538846224,1402
flat,3.0,6.18e-18,2.9,3,3.419108288457104,2.7689547202630207,4.059084902988261,1.2901301827252407,0.5191082884571037,1.0,0.576725,1.0571136464240438,1369
flat,3.0,6.18e-18,2.9,4,3.296351866756928,2.736589477041923,3.879549804039256,1.1429603269973327,0.3963518667569277,1.0,0.5978583333333334,1.395263503829392,1412
lognormal_gamma,0.3,6.179999999999999e-19,2.1,0,2.0764839928461947,1.7917118162772268,2.3532043476951965,0.5614925314179697,-0.0235160071538054,1.0,0.5847166666666667,1.0770546022755487,973
lognormal_gamma,0.3,6.179999999999999e-19,2.1,1,2.3229911974183617,1.9851750829564463,2.6533295743518983,0.668154491395452,0.2229911974183616,1.0,0.628425,1.3047688864179912,985
lognormal_gamma,0.3,6.179999999999999e-19,2.1,2,2.198683900566065,1.8543490089129568,2.5365304139690354,0.6821814050560788,0.0986839005660651,1.0,0.6349916666666667,1.4685072980738183,1033
lognormal_gamma,0.3,6.179999999999999e-19,2.1,3,2.6928927072923945,2.158268028101721,3.874089856382205,1.7158218282804834,0.5928927072923944,0.0,0.6122333333333333,1.2455514018914942,995
lognormal_gamma,0.3,6.179999999999999e-19,2.1,4,2.3300742302959665,1.8767814933515248,3.069576290452459,1.1927947971009345,0.2300742302959664,1.0,0.61585,1.1283264533921196,971
lognormal_gamma,0.3,6.179999999999999e-19,2.3,0,2.430907270527566,1.991605288754846,3.309479536410155,1.317874247655309,0.1309072705275662,1.0,0.6075333333333333,1.1945510127625378,959
lognormal_gamma,0.3,6.179999999999999e-19,2.3,1,2.602911581156791,2.103263055305501,3.31006042111792,1.206797365812419,0.302911581156791,1.0,0.5949583333333334,1.083870584409257,977
lognormal_gamma,0.3,6.179999999999999e-19,2.3,2,2.390765704331696,1.9026743980859808,3.374806539549057,1.472132141463076,0.0907657043316962,1.0,0.6241,1.149773961660605,1014
lognormal_gamma,0.3,6.179999999999999e-19,2.3,3,2.957206967718198,2.291402615277526,3.903042091966572,1.6116394766890465,0.657206967718198,1.0,0.622425,1.0850484593615126,983
lognormal_gamma,0.3,6.179999999999999e-19,2.3,4,2.7627610778325526,2.1079744588207343,3.703733961710036,1.5957595028893017,0.4627610778325528,1.0,0.6525416666666667,1.2578345230868724,961
lognormal_gamma,0.3,6.179999999999999e-19,2.5,0,2.6973017681666867,2.2551652993516758,3.644184560875898,1.389019261524223,0.1973017681666866,1.0,0.9928125,2.679181938782086,950
lognormal_gamma,0.3,6.179999999999999e-19,2.5,1,2.770018643055171,2.3937014626293904,3.257641575166028,0.8639401125366377,0.2700186430551712,1.0,0.99475,2.8020762542632465,969
lognormal_gamma,0.3,6.179999999999999e-19,2.5,2,2.5696783788460964,2.254907850452571,2.9152966786890766,0.6603888282365058,0.0696783788460964,1.0,0.992625,2.5293226094394643,1003
lognormal_gamma,0.3,6.179999999999999e-19,2.5,3,2.9243900867240065,2.2117060210528803,3.844447112214181,1.632741091161301,0.4243900867240064,1.0,0.616625,1.2732982026738295,974
lognormal_gamma,0.3,6.179999999999999e-19,2.5,4,2.9012637255282936,2.1391873926309466,3.7803340758596327,1.641146683228686,0.4012637255282936,1.0,0.6338083333333333,1.468066015840998,949
lognormal_gamma,0.3,6.179999999999999e-19,2.7,0,2.96952367516859,2.277352479389432,3.789490206719441,1.5121377273300092,0.2695236751685899,1.0,0.5990416666666667,1.1219660927303676,942
lognormal_gamma,0.3,6.179999999999999e-19,2.7,1,2.95244253138625,2.3053168948034783,3.7631869962431703,1.4578701014396924,0.2524425313862499,1.0,0.5760416666666667,1.178539536445562,952
lognormal_gamma,0.3,6.179999999999999e-19,2.7,2,2.9706361027216133,2.2253062728589943,3.7624714781375808,1.5371652052785865,0.2706361027216131,1.0,0.595925,1.4851056804055232,993
lognormal_gamma,0.3,6.179999999999999e-19,2.7,3,3.173402434015828,2.4451630783171976,3.88780684332612,1.442643765008922,0.4734024340158274,1.0,0.6441833333333333,1.20703823048272,967
lognormal_gamma,0.3,6.179999999999999e-19,2.7,4,3.077926486856445,2.246882656700492,3.722326417384368,1.4754437606838762,0.3779264868564449,1.0,0.5799333333333334,1.532054828038918,942
lognormal_gamma,0.3,6.179999999999999e-19,2.9,0,2.933840500309434,2.24951238495787,3.7923170702165865,1.5428046852587158,0.0338405003094339,1.0,0.5933666666666666,1.180228626307357,941
lognormal_gamma,0.3,6.179999999999999e-19,2.9,1,3.2517874210558078,2.6541716309290444,3.764438761335179,1.110267130406135,0.3517874210558074,1.0,0.61915,1.0627754905620896,956
lognormal_gamma,0.3,6.179999999999999e-19,2.9,2,3.205333979558276,2.5039358599901416,3.747675924810952,1.2437400648208103,0.3053339795582754,1.0,0.6292,1.3533624988551227,990
lognormal_gamma,0.3,6.179999999999999e-19,2.9,3,3.179174831610532,2.448873557154613,3.870705752704719,1.4218321955501056,0.2791748316105322,1.0,0.6217583333333334,1.1426001430435664,964
lognormal_gamma,0.3,6.179999999999999e-19,2.9,4,3.1937836049964097,2.5968378312381843,3.66788958582018,1.0710517545819958,0.2937836049964097,1.0,0.6115666666666666,1.0691617376244422,953
lognormal_gamma,0.5,1.03e-18,2.1,0,2.104026071937436,1.8201523027266355,2.3655593851522982,0.5454070824256629,0.0040260719374356,1.0,0.5870333333333333,1.1454223926554108,1025
lognormal_gamma,0.5,1.03e-18,2.1,1,2.2705226400368805,1.9504065968592943,2.567140119096469,0.6167335222371746,0.1705226400368804,1.0,0.6091333333333333,1.2831247506123349,1030
lognormal_gamma,0.5,1.03e-18,2.1,2,2.358047924377193,1.9688655705711533,2.77661209241611,0.8077465218449567,0.2580479243771929,1.0,0.6151916666666668,1.543716890374423,1079
lognormal_gamma,0.5,1.03e-18,2.1,3,2.303152502134504,1.955909720958061,2.592459070834225,0.6365493498761645,0.2031525021345039,1.0,0.6316833333333334,1.1302709718416764,1048
lognormal_gamma,0.5,1.03e-18,2.1,4,2.4217010642299157,2.0108252045713675,2.97711965231868,0.966294447747312,0.3217010642299152,1.0,0.6433,1.113267073370111,1024
lognormal_gamma,0.5,1.03e-18,2.3,0,2.448750110346157,2.021091991301835,3.23280737111851,1.2117153798166749,0.1487501103461572,1.0,0.6076666666666667,1.3287655301135897,995
lognormal_gamma,0.5,1.03e-18,2.3,1,2.6543746592171216,2.0934113603178863,3.5336969717768385,1.4402856114589522,0.3543746592171217,1.0,0.5858666666666666,1.137614101469734,1013
lognormal_gamma,0.5,1.03e-18,2.3,2,2.409489272423756,1.944323488957812,3.262384611388633,1.3180611224308216,0.1094892724237559,1.0,0.6312583333333333,1.210898142590866,1060
lognormal_gamma,0.5,1.03e-18,2.3,3,2.7880347909379264,2.168746838053283,3.879450947509735,1.710704109456452,0.4880347909379265,1.0,0.61465,1.1794666150148607,1021
lognormal_gamma,0.5,1.03e-18,2.3,4,2.3742522108410897,1.8544970140769572,3.3587828881660458,1.5042858740890883,0.0742522108410899,1.0,0.648825,1.1389434481835548,998
lognormal_gamma,0.5,1.03e-18,2.5,0,2.865339627852391,2.204713422013296,3.757222655030609,1.5525092330173125,0.365339627852391,1.0,0.6350166666666667,1.1440247007659614,981
lognormal_gamma,0.5,1.03e-18,2.5,1,3.052083232337928,2.3801742221045776,3.8280340273446223,1.4478598052400449,0.5520832323379277,1.0,0.5548833333333333,1.4056761193423395,999
lognormal_gamma,0.5,1.03e-18,2.5,2,2.417474224669144,1.9128006684032777,3.308382583168028,1.3955819147647504,-0.0825257753308559,1.0,0.63255,1.351524423263211,1039
lognormal_gamma,0.5,1.03e-18,2.5,3,2.9979358679405115,2.2579733864996454,3.899997141296256,1.64202375479661,0.4979358679405115,1.0,0.5923499999999999,1.2196124489690698,1007
lognormal_gamma,0.5,1.03e-18,2.5,4,2.7674140271352985,2.1311734003171456,3.699039733712727,1.567866333395581,0.2674140271352985,1.0,0.593175,1.264399333523873,987
lognormal_gamma,0.5,1.03e-18,2.7,0,2.9373002043768466,2.282481037582843,3.790940494771486,1.5084594571886432,0.2373002043768464,1.0,0.6205,1.1021349191531726,974
lognormal_gamma,0.5,1.03e-18,2.7,1,3.0578433770197333,2.3994270198956715,3.7588257306813886,1.359398710785717,0.3578433770197331,1.0,0.57705,1.0852317342582138,993
lognormal_gamma,0.5,1.03e-18,2.7,2,2.994425523940924,2.241748653106935,3.808798644786646,1.5670499916797112,0.2944255239409239,1.0,0.605675,1.4272188797354206,1030
lognormal_gamma,0.5,1.03e-18,2.7,3,2.983390235938177,2.280555514483559,3.86906767425646,1.5885121597729013,0.2833902359381772,1.0,0.628,1.148043162937791,1000
lognormal_gamma,0.5,1.03e-18,2.7,4,2.916953055944808,2.1860614606005644,3.744523039913671,1.5584615793131062,0.2169530559448071,1.0,0.6286416666666667,1.236009138165917,972
lognormal_gamma,0.5,1.03e-18,2.9,0,3.0621802501718274,2.3274953173927093,3.77509270976048,1.4475973923677703,0.1621802501718274,1.0,0.586275,1.201322874937231,969
lognormal_gamma,0.5,1.03e-18,2.9,1,3.140142412187888,2.5086452621168944,3.743267282063086,1.2346220199461917,0.2401424121878879,1.0,0.5678333333333333,1.0782195065350526,988
lognormal_gamma,0.5,1.03e-18,2.9,2,3.011359186212471,2.277424623046232,3.804496921980338,1.5270722989341063,0.1113591862124709,1.0,0.6350333333333333,1.4871253941621627,1022
lognormal_gamma,0.5,1.03e-18,2.9,3,3.1636666331328755,2.4789662247074107,3.826440726776249,1.3474745020688386,0.2636666331328756,1.0,0.5822833333333334,1.1116997787839695,991
lognormal_gamma,0.5,1.03e-18,2.9,4,3.190698173748095,2.56532035133696,3.702362473960713,1.137042122623753,0.2906981737480949,1.0,0.6067833333333333,1.0975369251999625,968
lognormal_gamma,1.0,2.06e-18,2.1,0,2.174685727818138,1.888411053917782,2.401063579082822,0.5126525251650398,0.0746857278181378,1.0,0.589475,1.203086211745833,1138
lognormal_gamma,1.0,2.06e-18,2.1,1,1.93788216240114,1.6537323027545303,2.186363097868113,0.5326307951135822,-0.1621178375988599,1.0,0.6185416666666668,1.2617481100148673,1165
lognormal_gamma,1.0,2.06e-18,2.1,2,2.088627943807753,1.7995130430924169,2.3123724992648538,0.5128594561724371,-0.011372056192247,1.0,0.6257666666666666,1.51792798225546,1213
lognormal_gamma,1.0,2.06e-18,2.1,3,2.275071471044874,2.031579759137561,2.468001076375687,0.4364213172381257,0.1750714710448737,1.0,0.5853583333333333,1.1330582500460715,1169
lognormal_gamma,1.0,2.06e-18,2.1,4,2.230313751225742,1.9542020796798547,2.4387570134669354,0.4845549337870807,0.1303137512257417,1.0,0.60655,1.1305462956329864,1151
lognormal_gamma,1.0,2.06e-18,2.3,0,2.213440607306216,1.8842707458571477,2.483678561641408,0.5994078157842604,-0.0865593926937839,1.0,0.6078,1.1497457968043907,1098
lognormal_gamma,1.0,2.06e-18,2.3,1,2.5203603963368137,2.1406031973005217,3.009628825278916,0.8690256279783939,0.2203603963368139,1.0,0.613525,1.1226970538582373,1105
lognormal_gamma,1.0,2.06e-18,2.3,2,2.329503825678075,1.9538714720043693,2.646245540644998,0.6923740686406286,0.0295038256780753,1.0,0.6034416666666667,1.3891084690610425,1158
lognormal_gamma,1.0,2.06e-18,2.3,3,2.5195572075197505,2.127299206394413,3.266107326916559,1.138808120522146,0.2195572075197507,1.0,0.6178083333333334,1.120953455463889,1121
lognormal_gamma,1.0,2.06e-18,2.3,4,2.542194675358703,2.064420746095485,3.585481398562216,1.5210606524667305,0.2421946753587032,1.0,0.6330250000000001,1.0979250815085002,1104
lognormal_gamma,1.0,2.06e-18,2.5,0,2.4654046392144,2.208792452596456,2.7224541985387183,0.5136617459422621,-0.0345953607855999,1.0,0.992625,2.970881025665757,1072
lognormal_gamma,1.0,2.06e-18,2.5,1,2.706852629660724,2.413361694475131,3.166467239701271,0.7531055452261404,0.206852629660724,1.0,0.9955,2.754753107555847,1081
lognormal_gamma,1.0,2.06e-18,2.5,2,2.393036438208737,2.1775628311684385,2.587298671690785,0.4097358405223463,-0.1069635617912632,1.0,0.99325,2.299530718881722,1130
lognormal_gamma,1.0,2.06e-18,2.5,3,3.0043810491502474,2.4103193872256505,3.863349817254064,1.4530304300284138,0.5043810491502474,1.0,0.6028,1.1235129503649728,1091
lognormal_gamma,1.0,2.06e-18,2.5,4,2.7372213824142992,2.14172525388511,3.689555644808564,1.547830390923454,0.2372213824142992,1.0,0.659875,1.32584618515053,1074
lognormal_gamma,1.0,2.06e-18,2.7,0,3.0790855794272134,2.469623041510624,3.744126591076989,1.274503549566365,0.3790855794272132,1.0,0.6287416666666668,1.167546790060917,1049
lognormal_gamma,1.0,2.06e-18,2.7,1,2.875904456451873,2.261949058919105,3.6427433414368617,1.3807942825177566,0.1759044564518728,1.0,0.5596833333333333,1.2875879612933112,1067
lognormal_gamma,1.0,2.06e-18,2.7,2,3.2232167420845785,2.628046444435125,3.710083765588942,1.0820373211538166,0.5232167420845784,1.0,0.6095083333333333,1.2811998251548502,1108
lognormal_gamma,1.0,2.06e-18,2.7,3,3.0295560624954385,2.3636250190954127,3.801355877519772,1.4377308584243589,0.3295560624954383,1.0,0.6461916666666667,1.1150996824695816,1076
lognormal_gamma,1.0,2.06e-18,2.7,4,2.7788198137069644,2.1014377497425167,3.723116065054741,1.6216783153122245,0.0788198137069642,1.0,0.6146416666666668,1.3299578148458884,1057
lognormal_gamma,1.0,2.06e-18,2.9,0,2.979660559946913,2.3407983467809688,3.7548043553876673,1.4140060086066986,0.0796605599469129,1.0,0.6358583333333333,1.2239291860679418,1043
lognormal_gamma,1.0,2.06e-18,2.9,1,3.06838526228974,2.441837410446389,3.681351102266308,1.2395136918199192,0.1683852622897399,1.0,0.5474083333333333,1.1187606251190476,1062
lognormal_gamma,1.0,2.06e-18,2.9,2,3.075209125128309,2.398577053158764,3.793414193180204,1.39483714002144,0.1752091251283092,1.0,0.6285666666666667,1.0877262315675498,1098
lognormal_gamma,1.0,2.06e-18,2.9,3,3.161254380083995,2.537191075090388,3.803842962332576,1.2666518872421886,0.261254380083995,1.0,0.6397,1.198111756986796,1069
lognormal_gamma,1.0,2.06e-18,2.9,4,2.964470489812018,2.331051753885245,3.656797987405724,1.3257462335204786,0.064470489812018,1.0,0.5824083333333333,1.2736410566141072,1058
lognormal_gamma,2.0,4.12e-18,2.1,0,1.992365373701088,1.7257245619218435,2.17274994623251,0.4470253843106666,-0.1076346262989123,1.0,0.6498166666666667,1.1825032252581258,1404
lognormal_gamma,2.0,4.12e-18,2.1,1,2.0875349443762894,1.9024483195252773,2.237463651254697,0.3350153317294193,-0.0124650556237106,1.0,0.6172833333333334,1.3005382574167794,1428
lognormal_gamma,2.0,4.12e-18,2.1,2,2.0917236365959493,1.8788339799251932,2.2516834583068825,0.3728494783816891,-0.0082763634040508,1.0,0.59575,1.769455226972678,1470
lognormal_gamma,2.0,4.12e-18,2.1,3,2.1467561824009493,1.959250791848164,2.290431549529984,0.3311807576818197,0.0467561824009492,1.0,0.5958083333333334,1.2885889342180592,1433
lognormal_gamma,2.0,4.12e-18,2.1,4,2.099576903995877,1.8974423475975664,2.24798026261108,0.350537915013513,-0.0004230960041229,1.0,0.6263583333333334,1.4646534114898084,1419
lognormal_gamma,2.0,4.12e-18,2.3,0,2.1844469645315527,1.8916897671885808,2.4117911833291887,0.5201014161406081,-0.115553035468447,1.0,0.5971583333333333,1.290129192310027,1297
lognormal_gamma,2.0,4.12e-18,2.3,1,2.191858219381329,1.9031949904286056,2.415514650972613,0.5123196605440077,-0.1081417806186708,1.0,0.595925,1.1070915522198193,1307
lognormal_gamma,2.0,4.12e-18,2.3,2,2.298846556462376,2.010761327778947,2.5142663504046747,0.5035050226257276,-0.0011534435376239,1.0,0.5887583333333333,1.2671101476054252,1360
lognormal_gamma,2.0,4.12e-18,2.3,3,2.2837499948784243,2.030256517899436,2.472300577061306,0.4420440591618702,-0.0162500051215754,1.0,0.5841666666666666,1.1589254147279082,1328
lognormal_gamma,2.0,4.12e-18,2.3,4,2.3083940617613368,2.0334703944435093,2.516946100533333,0.4834757060898238,0.0083940617613369,1.0,0.6246583333333333,1.3464278583049,1306
lognormal_gamma,2.0,4.12e-18,2.5,0,2.500057217909577,2.04916155879784,3.230850344024917,1.181688785227077,5.721790957702311e-05,1.0,0.6480333333333334,1.2481523142522,1237
lognormal_gamma,2.0,4.12e-18,2.5,1,2.691445940466336,2.231553667401037,3.6080316147105145,1.376477947309477,0.1914459404663357,1.0,0.6241583333333334,1.160697165893298,1252
lognormal_gamma,2.0,4.12e-18,2.5,2,2.521605006744552,2.09906393340727,3.067093612848677,0.9680296794414076,0.0216050067445516,1.0,0.5694333333333332,1.8772813878729029,1306
lognormal_gamma,2.0,4.12e-18,2.5,3,2.8364360687637977,2.272824354709124,3.866814774410488,1.593990419701364,0.3364360687637977,1.0,0.6257166666666667,1.152731239492053,1266
lognormal_gamma,2.0,4.12e-18,2.5,4,2.726625021749617,2.151414798512268,3.708058282515189,1.556643484002921,0.226625021749617,1.0,0.6306833333333334,1.1117316479733013,1245
lognormal_gamma,2.0,4.12e-18,2.7,0,2.734131249751976,2.180969069072415,3.637627440125062,1.4566583710526468,0.0341312497519754,1.0,0.6236333333333334,1.1833035275222248,1210
lognormal_gamma,2.0,4.12e-18,2.7,1,3.031382152045289,2.4136892069257097,3.73965729035584,1.3259680834301304,0.3313821520452888,1.0,0.5981916666666667,1.0901144813848456,1219
lognormal_gamma,2.0,4.12e-18,2.7,2,2.8562958789803887,2.2562663855661222,3.684896704009097,1.4286303184429747,0.1562958789803885,1.0,0.62615,1.3365086819698135,1271
lognormal_gamma,2.0,4.12e-18,2.7,3,3.0794716864219858,2.475725070454893,3.8107250872028033,1.33500001674791,0.3794716864219856,1.0,0.5906083333333334,1.0771677436003149,1235
lognormal_gamma,2.0,4.12e-18,2.7,4,2.9449235075504934,2.38727832770181,3.646377250185642,1.2590989224838327,0.2449235075504932,1.0,0.5546416666666667,1.09261199744915,1213
lognormal_gamma,2.0,4.12e-18,2.9,0,2.9243325938404543,2.3573446625583285,3.6589824560348343,1.3016377934765062,0.0243325938404543,1.0,0.579575,1.2945821835674274,1190
lognormal_gamma,2.0,4.12e-18,2.9,1,3.10482210281708,2.563765688364025,3.641734101318668,1.0779684129546432,0.2048221028170798,1.0,0.5825666666666667,1.136829384244797,1208
lognormal_gamma,2.0,4.12e-18,2.9,2,3.202794301246547,2.6771129067511854,3.6709100660347063,0.9937971592835212,0.3027943012465472,1.0,0.6161333333333333,1.1700961935660954,1252
lognormal_gamma,2.0,4.12e-18,2.9,3,3.014735364294676,2.4203694057319938,3.769401866956544,1.34903246122455,0.1147353642946757,1.0,0.6261500000000001,1.1386336280542275,1221
lognormal_gamma,2.0,4.12e-18,2.9,4,2.970893621178958,2.330908730551875,3.643253698718883,1.312344968167008,0.0708936211789579,1.0,0.598175,1.4086703908062317,1194
lognormal_gamma,3.0,6.18e-18,2.1,0,2.010249451436166,1.785812381287026,2.1591765863985843,0.3733642051115582,-0.0897505485638334,1.0,0.6737416666666667,1.2074603156103842,1659
lognormal_gamma,3.0,6.18e-18,2.1,1,2.021042724487033,1.870489859936301,2.137027455205567,0.2665375952692659,-0.0789572755129666,1.0,0.5889,1.3083515205837666,1701
lognormal_gamma,3.0,6.18e-18,2.1,2,1.9482656002948529,1.7305709684738146,2.116934694082425,0.3863637256086103,-0.1517343997051474,1.0,0.5460916666666668,3.948328065465788,1754
lognormal_gamma,3.0,6.18e-18,2.1,3,2.069106897165603,1.91631185143316,2.187926222586613,0.2716143711534531,-0.0308931028343972,1.0,0.5686083333333333,1.361296839535453,1705
lognormal_gamma,3.0,6.18e-18,2.1,4,2.117121315465011,1.9091052457624775,2.2653247403340018,0.356219494571524,0.0171213154650109,1.0,0.5847666666666667,2.232342365130365,1741
lognormal_gamma,3.0,6.18e-18,2.3,0,2.1114775630110283,1.7778793470933625,2.3210970685314254,0.5432177214380631,-0.1885224369889715,1.0,0.6162249999999999,1.237799961892074,1508
lognormal_gamma,3.0,6.18e-18,2.3,1,2.266259872518557,2.038911277159495,2.441316704278185,0.4024054271186901,-0.0337401274814426,1.0,0.6090916666666666,1.1688749892040284,1511
lognormal_gamma,3.0,6.18e-18,2.3,2,2.153765714839104,1.8649069129238176,2.368533230658495,0.5036263177346776,-0.1462342851608959,1.0,0.596025,1.939001483782548,1577
lognormal_gamma,3.0,6.18e-18,2.3,3,2.227560135560532,1.9847976426771012,2.397011233461144,0.4122135907840423,-0.0724398644394681,1.0,0.6004666666666667,1.3011518261747614,1539
lognormal_gamma,3.0,6.18e-18,2.3,4,2.211417758417438,1.935922870414713,2.398332415747757,0.4624095453330434,-0.0885822415825616,1.0,0.6094833333333334,2.149332940908037,1522
lognormal_gamma,3.0,6.18e-18,2.5,0,2.5389325635621045,2.338789996485163,2.7431008618226835,0.4043108653375205,0.0389325635621045,1.0,0.99175,3.190667388725775,1406
lognormal_gamma,3.0,6.18e-18,2.5,1,2.6069333811497346,2.4160363991917726,2.810911757318787,0.3948753581270146,0.1069333811497346,1.0,0.9941875,2.4358132617511594,1414
lognormal_gamma,3.0,6.18e-18,2.5,2,2.400373106715386,2.249740479301786,2.56323187984913,0.3134914005473441,-0.099626893284614,1.0,0.9919375,2.1420146475104525,1482
lognormal_gamma,3.0,6.18e-18,2.5,3,2.7634786710824115,2.3114120577889263,3.779722011314724,1.4683099535257975,0.2634786710824115,1.0,0.5946416666666666,1.0938007273486448,1437
lognormal_gamma,3.0,6.18e-18,2.5,4,2.6027701181293423,2.15007455708264,3.357021626734703,1.2069470696520632,0.1027701181293423,1.0,0.594,1.137563923035003,1422
lognormal_gamma,3.0,6.18e-18,2.7,0,2.702189973847003,2.2127252490889027,3.5171189179697064,1.3043936688808038,0.002189973847003,1.0,0.6227166666666666,1.1611821342275186,1363
lognormal_gamma,3.0,6.18e-18,2.7,1,3.0202002865173183,2.5116412514762505,3.612932547116443,1.1012912956401926,0.3202002865173181,1.0,0.6016583333333334,1.051619182648481,1374
lognormal_gamma,3.0,6.18e-18,2.7,2,2.6404217466156044,2.066578185586988,3.436825380986292,1.3702471953993045,-0.0595782533843958,1.0,0.5939666666666668,1.1796415387835173,1437
lognormal_gamma,3.0,6.18e-18,2.7,3,3.030595538939702,2.5189771502969864,3.7355558917196903,1.2165787414227045,0.3305955389397019,1.0,0.6274916666666666,1.067074043003908,1391
lognormal_gamma,3.0,6.18e-18,2.7,4,2.8880366822711663,2.315747456300941,3.612390651534528,1.2966431952335866,0.1880366822711661,1.0,0.592,1.1591983205578362,1366
lognormal_gamma,3.0,6.18e-18,2.9,0,2.93977142438249,2.3643741225646044,3.658719554639741,1.2943454320751369,0.03977142438249,1.0,0.602625,1.2282829361637344,1339
lognormal_gamma,3.0,6.18e-18,2.9,1,3.098037885758061,2.6199609375142114,3.586282666572412,0.9663217290582008,0.1980378857580609,1.0,0.5958166666666667,1.1203054156914394,1351
lognormal_gamma,3.0,6.18e-18,2.9,2,3.123209603126068,2.5429210505259063,3.643467665864224,1.1005466153383177,0.2232096031260679,1.0,0.5731916666666667,1.381892563877148,1402
lognormal_gamma,3.0,6.18e-18,2.9,3,3.1017518332142897,2.6059083607201488,3.6625708206520975,1.0566624599319496,0.2017518332142898,1.0,0.5990249999999999,1.0536052587737237,1369
lognormal_gamma,3.0,6.18e-18,2.9,4,3.040199409385597,2.4936454210254686,3.540928900253802,1.0472834792283332,0.1401994093855969,1.0,0.603,1.174074922076042,1412
weakly,0.3,6.179999999999999e-19,2.1,0,2.1315437040902534,1.9008643536815224,2.3719887121605483,0.4711243584790259,0.0315437040902533,1.0,0.5944083333333333,1.0387783000927648,973
weakly,0.3,6.179999999999999e-19,2.1,1,2.332200700267026,2.0654981622032214,2.5994225655566137,0.5339244033533923,0.2322007002670258,1.0,0.6036083333333333,1.0923449733930628,985
weakly,0.3,6.179999999999999e-19,2.1,2,2.2384442655883183,1.9709108972201108,2.5105142066430006,0.5396033094228898,0.1384442655883182,1.0,0.6172583333333334,1.10537334665841,1033
weakly,0.3,6.179999999999999e-19,2.1,3,2.482104446262569,2.1828336292418875,2.8496565563868312,0.6668229271449437,0.3821044462625691,0.0,0.6232666666666666,1.0477222577095653,995
weakly,0.3,6.179999999999999e-19,2.1,4,2.3067100333930144,2.0235158602688585,2.6094661627336917,0.5859503024648327,0.2067100333930143,1.0,0.6118583333333333,1.0450026686954956,971
weakly,0.3,6.179999999999999e-19,2.3,0,2.401031368261269,2.103230700619081,2.783168833355648,0.679938132736567,0.1010313682612693,1.0,0.6097833333333333,1.043790001397458,959
weakly,0.3,6.179999999999999e-19,2.3,1,2.5123338167514424,2.166894312111358,2.9227102493201427,0.7558159372087845,0.2123338167514425,1.0,0.609775,1.0794519389299173,977
weakly,0.3,6.179999999999999e-19,2.3,2,2.3674841537132774,2.045083449165272,2.779655206761795,0.7345717575965227,0.0674841537132775,1.0,0.6118916666666667,1.127446801467387,1014
weakly,0.3,6.179999999999999e-19,2.3,3,2.665520472237952,2.312794704310892,3.110161568185495,0.7973668638746032,0.3655204722379519,0.0,0.6226916666666666,1.051407053368101,983
weakly,0.3,6.179999999999999e-19,2.3,4,2.585433672207245,2.213508754464835,3.0863634791045667,0.8728547246397316,0.2854336722072457,1.0,0.6142333333333333,1.045102199146957,961
weakly,0.3,6.179999999999999e-19,2.5,0,2.650566271553263,2.286719805235889,3.279097854643816,0.9923780494079266,0.1505662715532629,1.0,0.99275,2.368543190320604,950
weakly,0.3,6.179999999999999e-19,2.5,1,2.719884008539364,2.395166758026746,3.120042202429216,0.7248754444024699,0.2198840085393638,1.0,0.9945625,2.497573889168184,969
weakly,0.3,6.179999999999999e-19,2.5,2,2.5816455404005345,2.2961167541917,2.892246904666269,0.5961301504745697,0.0816455404005345,1.0,0.992625,2.486825574568746,1003
weakly,0.3,6.179999999999999e-19,2.5,3,2.6836064874697803,2.300467736335046,3.1732494211134434,0.8727816847783973,0.1836064874697802,1.0,0.6020166666666666,1.031400556745591,974
weakly,0.3,6.179999999999999e-19,2.5,4,2.7205869543461527,2.283581447378126,3.264846461651107,0.9812650142729812,0.2205869543461527,1.0,0.6104416666666667,1.062366325386644,949
weakly,0.3,6.179999999999999e-19,2.7,0,2.7668201853972736,2.358473709817628,3.3187513452911834,0.9602776354735556,0.0668201853972734,1.0,0.5842333333333334,1.051065731588782,942
weakly,0.3,6.179999999999999e-19,2.7,1,2.7567794694319097,2.35285557560938,3.229305920840627,0.8764503452312469,0.0567794694319094,1.0,0.6352583333333333,1.0537976825929756,952
weakly,0.3,6.179999999999999e-19,2.7,2,2.7936787411972857,2.3257803783792794,3.363728407675892,1.0379480292966128,0.0936787411972854,1.0,0.5906583333333333,1.047002720012411,993
weakly,0.3,6.179999999999999e-19,2.7,3,2.826237804659204,2.402058675824821,3.3396319142334487,0.937573238408628,0.1262378046592034,1.0,0.6391416666666667,1.0392542884546867,967
weakly,0.3,6.179999999999999e-19,2.7,4,2.9089804666685626,2.470598696263034,3.395584290368699,0.9249855941056646,0.2089804666685624,1.0,0.6227416666666666,1.0387064489875184,942
weakly,0.3,6.179999999999999e-19,2.9,0,2.743295114690429,2.3139086120686096,3.314519027780459,1.0006104157118494,-0.1567048853095709,1.0,0.6049583333333334,1.0601864345546104,941
weakly,0.3,6.179999999999999e-19,2.9,1,2.9176987412756263,2.502736853648392,3.400088999112272,0.8973521454638802,0.0176987412756264,1.0,0.5930083333333334,1.0522479670071645,956
weakly,0.3,6.179999999999999e-19,2.9,2,2.9302236748010166,2.503056219183561,3.434056249458998,0.9310000302754368,0.0302236748010167,1.0,0.5647583333333334,1.0554797755580203,990
weakly,0.3,6.179999999999999e-19,2.9,3,2.792308026353152,2.3736362999959435,3.3157711093631463,0.9421348093672028,-0.107691973646848,1.0,0.625025,1.0489554939981027,964
weakly,0.3,6.179999999999999e-19,2.9,4,2.938394213640437,2.516616019225,3.3811574670852917,0.8645414478602911,0.0383942136404376,1.0,0.6165916666666666,1.0464307994019824,953
weakly,0.5,1.03e-18,2.1,0,2.1397504950704604,1.9203538299920748,2.361755411436288,0.4414015814442134,0.0397504950704603,1.0,0.6179250000000001,1.0486232895722636,1025
weakly,0.5,1.03e-18,2.1,1,2.291965101592015,2.032033147059464,2.5423676856781263,0.5103345386186624,0.1919651015920149,1.0,0.6001333333333334,1.083870584774709,1030
weakly,0.5,1.03e-18,2.1,2,2.3283479673836998,2.064446807637094,2.5862918578524643,0.5218450502153704,0.2283479673836992,1.0,0.6212083333333333,1.0874375205518834,1079
weakly,0.5,1.03e-18,2.1,3,2.2998273712078268,2.061493655144334,2.527534529946401,0.4660408748020672,0.1998273712078266,1.0,0.6274833333333334,1.043077818303171,1048
weakly,0.5,1.03e-18,2.1,4,2.3637208961810376,2.0888390489541835,2.6398632360660184,0.5510241871118349,0.2637208961810375,1.0,0.6127,1.0279220737635075,1024
weakly,0.5,1.03e-18,2.3,0,2.394941583825416,2.098894547599033,2.778059812616564,0.6791652650175313,0.0949415838254159,1.0,0.6216083333333333,1.0399211789109517,995
weakly,0.5,1.03e-18,2.3,1,2.5261763393704637,2.1996304977944936,2.892666540884697,0.6930360430902036,0.2261763393704634,1.0,0.6034166666666667,1.0747984579507712,1013
weakly,0.5,1.03e-18,2.3,2,2.348067685844652,2.0496722819992472,2.6640283298061607,0.6143560478069134,0.0480676858446522,1.0,0.618325,1.0991997478350528,1060
weakly,0.5,1.03e-18,2.3,3,2.515550500867524,2.195738619304965,2.911036650424716,0.7152980311197505,0.2155505008675242,1.0,0.6247833333333334,1.0454051564385072,1021
weakly,0.5,1.03e-18,2.3,4,2.332109808859434,2.020861327562452,2.673531945498012,0.6526706179355601,0.0321098088594342,1.0,0.6329833333333333,1.0358030221787524,998
weakly,0.5,1.03e-18,2.5,0,2.631864585943903,2.2595685925864517,3.1550330998882004,0.8954645073017491,0.1318645859439029,1.0,0.6029166666666667,1.0461983909288748,981
weakly,0.5,1.03e-18,2.5,1,2.721787247672049,2.339154489130977,3.183394916556942,0.8442404274259654,0.2217872476720495,1.0,0.6104166666666667,1.0524940917142909,999
weakly,0.5,1.03e-18,2.5,2,2.393013896149993,2.056748803885017,2.800513344240833,0.7437645403558157,-0.1069861038500068,1.0,0.6128166666666666,1.1337813960284333,1039
weakly,0.5,1.03e-18,2.5,3,2.698854509611293,2.321748662472331,3.184674953427762,0.8629262909554307,0.198854509611293,1.0,0.6533416666666667,1.037834596355373,1007
weakly,0.5,1.03e-18,2.5,4,2.6124735143561724,2.220760628739141,3.134439545022709,0.913678916283568,0.1124735143561723,1.0,0.6289666666666667,1.049058196783015,987
weakly,0.5,1.03e-18,2.7,0,2.7154829263653046,2.317043143609574,3.269116829355038,0.952073685745464,0.0154829263653044,1.0,0.5914416666666666,1.0430134636302557,974
weakly,0.5,1.03e-18,2.7,1,2.763402040170816,2.3674101532997778,3.214440880078552,0.8470307267787738,0.0634020401708159,1.0,0.5913083333333333,1.0664600032950606,993
weakly,0.5,1.03e-18,2.7,2,2.7512925474375804,2.330427075777968,3.281878378017399,0.9514513022394312,0.0512925474375802,1.0,0.581025,1.141666540732208,1030
weakly,0.5,1.03e-18,2.7,3,2.7061223380102164,2.3044902162293264,3.226320119214395,0.9218299029850688,0.0061223380102162,1.0,0.6153666666666667,1.0400859878480757,1000
weakly,0.5,1.03e-18,2.7,4,2.687447558935751,2.2441356239661165,3.261020565929778,1.0168849419636614,-0.012552441064249,1.0,0.6189166666666667,1.051561423048091,972
weakly,0.5,1.03e-18,2.9,0,2.7864323870245027,2.3458873725160845,3.3433646620906905,0.997477289574606,-0.1135676129754972,1.0,0.6058833333333333,1.0461666597489807,969
weakly,0.5,1.03e-18,2.9,1,2.878113865846018,2.4491432668425563,3.3333178531820926,0.8841745863395363,-0.0218861341539819,1.0,0.5813833333333333,1.0541321469050968,988
weakly,0.5,1.03e-18,2.9,2,2.79123770290971,2.332621445408882,3.3144996334379044,0.9818781880290226,-0.1087622970902892,1.0,0.6096333333333334,1.0339188784000617,1022
weakly,0.5,1.03e-18,2.9,3,2.831701399836189,2.412117355493447,3.34941435464737,0.9372969991539232,-0.068298600163811,1.0,0.6447833333333334,1.0425604635133232,991
weakly,0.5,1.03e-18,2.9,4,2.9078225188373112,2.471028574295252,3.397328804880808,0.9263002305855564,0.0078225188373113,1.0,0.6030833333333334,1.0528545779681333,968
weakly,1.0,2.06e-18,2.1,0,2.1767709317303,1.968413140295292,2.3750984211034245,0.4066852808081327,0.0767709317302998,1.0,0.6075833333333334,1.0834143436458876,1138
weakly,1.0,2.06e-18,2.1,1,1.990120998272613,1.7718300536873284,2.1874310570660547,0.4156010033787263,-0.1098790017273874,1.0,0.6367416666666665,1.1449572160934878,1165
weakly,1.0,2.06e-18,2.1,2,2.091941946496632,1.8708190579781507,2.28650079235863,0.4156817343804793,-0.008058053503368,1.0,0.6160083333333333,1.1238045898076685,1213
weakly,1.0,2.06e-18,2.1,3,2.252909744865221,2.0347624377749085,2.438232496564059,0.4034700587891504,0.1529097448652208,1.0,0.6100166666666667,1.0911583305103891,1169
weakly,1.0,2.06e-18,2.1,4,2.2319463576829977,2.0189781503819875,2.4141362031131037,0.3951580527311158,0.1319463576829975,1.0,0.6048500000000001,1.0730086880107432,1151
weakly,1.0,2.06e-18,2.3,0,2.2309419355868787,2.007223140856487,2.456066386808049,0.4488432459515614,-0.0690580644131211,1.0,0.6217083333333333,1.078394337182911,1098
weakly,1.0,2.06e-18,2.3,1,2.4464247102996373,2.1716189843170235,2.7407418453170505,0.569122861000027,0.1464247102996374,1.0,0.6203083333333334,1.0562259579756583,1105
weakly,1.0,2.06e-18,2.3,2,2.3068406747769177,2.052162711521448,2.55832335219202,0.5061606406705725,0.0068406747769178,1.0,0.6139583333333334,1.0922477749073762,1158
weakly,1.0,2.06e-18,2.3,3,2.424353652813257,2.1640690364964827,2.702047817554332,0.5379787810578494,0.1243536528132573,1.0,0.6154999999999999,1.10200023010465,1121
weakly,1.0,2.06e-18,2.3,4,2.4105263042796583,2.1360865500744435,2.691460202272216,0.5553736521977721,0.1105263042796584,1.0,0.5941083333333332,1.051228421554064,1104
weakly,1.0,2.06e-18,2.5,0,2.429177539980736,2.194201264124567,2.664515683589444,0.4703144194648767,-0.0708224600192641,1.0,0.9925,2.843503963731105,1072
weakly,1.0,2.06e-18,2.5,1,2.615947619414527,2.363153497275663,2.9766531756562378,0.6134996783805748,0.115947619414527,1.0,0.99525,2.678808261431489,1081
weakly,1.0,2.06e-18,2.5,2,2.378544519751692,2.1774851203508967,2.56513985538916,0.3876547350382626,-0.1214554802483078,1.0,0.993125,2.2437235983895896,1130
weakly,1.0,2.06e-18,2.5,3,2.7091044372638984,2.358476496879886,3.1554399381770173,0.7969634412971311,0.2091044372638983,1.0,0.6181666666666666,1.0632861217858176,1091
weakly,1.0,2.06e-18,2.5,4,2.5761288774520748,2.2326154511789422,3.049087746142082,0.8164722949631398,0.0761288774520747,1.0,0.6186,1.0239058940221868,1074
weakly,1.0,2.06e-18,2.7,0,2.7929551969724757,2.3903852789691653,3.300257674308269,0.9098723953391036,0.0929551969724751,1.0,0.6211916666666666,1.0525786144009976,1049
weakly,1.0,2.06e-18,2.7,1,2.6731619713637063,2.289860124891553,3.13985065554426,0.8499905306527067,-0.0268380286362939,1.0,0.5997250000000001,1.0643156868348127,1067
weakly,1.0,2.06e-18,2.7,2,2.8633977342435464,2.454320156926802,3.337826097617004,0.8835059406902017,0.1633977342435462,1.0,0.5987416666666667,1.062802212580102,1108
weakly,1.0,2.06e-18,2.7,3,2.7328724817158405,2.3390197292480392,3.2325384734522538,0.8935187442042145,0.0328724817158403,1.0,0.6213416666666667,1.0437632468016835,1076
weakly,1.0,2.06e-18,2.7,4,2.610401469930078,2.225764612031532,3.1163567710639257,0.8905921590323937,-0.0895985300699222,1.0,0.6240833333333333,1.0412336170163463,1057
weakly,1.0,2.06e-18,2.9,0,2.7614471772957034,2.3559846846566845,3.2904913413386385,0.934506656681954,-0.1385528227042964,1.0,0.6032,1.042063759975457,1043
weakly,1.0,2.06e-18,2.9,1,2.803645693055892,2.3995182725577435,3.246682839739202,0.8471645671814585,-0.0963543069441077,1.0,0.6041333333333334,1.0660401402391335,1062
weakly,1.0,2.06e-18,2.9,2,2.7603489466609856,2.321471467995573,3.2847114088295823,0.9632399408340092,-0.1396510533390142,1.0,0.6104166666666667,1.0794999345594365,1098
weakly,1.0,2.06e-18,2.9,3,2.8723901893938235,2.4783074644309258,3.35062392972858,0.8723164652976543,-0.0276098106061764,1.0,0.6358916666666667,1.02742718791141,1069
weakly,1.0,2.06e-18,2.9,4,2.79943566347839,2.375676707940724,3.2950579877509454,0.9193812798102216,-0.10056433652161,1.0,0.6179166666666667,1.0496588029270155,1058
weakly,2.0,4.12e-18,2.1,0,2.0114682563892767,1.794820952301199,2.167109233685255,0.3722882813840558,-0.0885317436107233,1.0,0.649975,1.0952071944330488,1404
weakly,2.0,4.12e-18,2.1,1,2.0853564573317707,1.9199136065867268,2.223305334455477,0.3033917278687501,-0.0146435426682294,1.0,0.5883583333333334,1.2156753460032432,1428
weakly,2.0,4.12e-18,2.1,2,2.0836937566412392,1.9009245877650132,2.2379072806018856,0.3369826928368722,-0.0163062433587608,1.0,0.6085083333333333,1.1924943440358298,1470
weakly,2.0,4.12e-18,2.1,3,2.1535968963172523,1.993388083166881,2.282579964311248,0.2891918811443663,0.0535968963172521,1.0,0.6010749999999999,1.17216324513239,1433
weakly,2.0,4.12e-18,2.1,4,2.104442293022218,1.9377280922538629,2.2363759891515134,0.2986478968976507,0.0044422930222181,1.0,0.5970583333333334,1.1955188973048774,1419
weakly,2.0,4.12e-18,2.3,0,2.1908972919885628,1.957165056124831,2.3897076509676585,0.4325425948428274,-0.109102708011437,1.0,0.6057833333333333,1.154283659933412,1297
weakly,2.0,4.12e-18,2.3,1,2.204570313799196,1.9801687274809088,2.3986443543104783,0.4184756268295697,-0.0954296862008039,1.0,0.6200833333333333,1.0739793408190466,1307
weakly,2.0,4.12e-18,2.3,2,2.284376085191427,2.0389479357602527,2.488142344648212,0.4491944088879593,-0.0156239148085726,1.0,0.6324333333333333,1.168429676085449,1360
weakly,2.0,4.12e-18,2.3,3,2.2725551069956818,2.05649249255148,2.449357639574365,0.3928651470228854,-0.027444893004318,1.0,0.6194333333333333,1.118303094844162,1328
weakly,2.0,4.12e-18,2.3,4,2.3074701112235285,2.0795388772852217,2.4959316888355167,0.416392811550295,0.0074701112235286,1.0,0.5867833333333333,1.1127338256764006,1306
weakly,2.0,4.12e-18,2.5,0,2.4163688128933525,2.128734314733318,2.7360145192500225,0.6072802045167038,-0.0836311871066475,1.0,0.6196833333333334,1.115019920237281,1237
weakly,2.0,4.12e-18,2.5,1,2.515917437904696,2.217225850994717,2.836419456988563,0.6191936059938459,0.0159174379046955,1.0,0.609175,1.1054316506002726,1252
weakly,2.0,4.12e-18,2.5,2,2.4517478005152427,2.162301658927057,2.764696079835194,0.6023944209081367,-0.0482521994847573,1.0,0.6154000000000001,1.107905790097156,1306
weakly,2.0,4.12e-18,2.5,3,2.557761328689291,2.254254859163212,2.954244592748983,0.6999897335857708,0.057761328689291,1.0,0.5941333333333334,1.109825268991619,1266
weakly,2.0,4.12e-18,2.5,4,2.555085272476719,2.2415676055421616,2.9743285115605134,0.7327609060183518,0.055085272476719,1.0,0.6142416666666667,1.058461124591219,1245
weakly,2.0,4.12e-18,2.7,0,2.541933581955249,2.2283547008624165,2.989536170139015,0.7611814692765986,-0.1580664180447506,1.0,0.6018166666666667,1.04764825669575,1210
weakly,2.0,4.12e-18,2.7,1,2.710128099860263,2.325004702280973,3.1662632006408225,0.8412584983598492,0.0101280998602626,1.0,0.5884416666666668,1.072616767700145,1219
weakly,2.0,4.12e-18,2.7,2,2.646047270867819,2.2705162500897047,3.1675215061321884,0.8970052560424837,-0.053952729132181,1.0,0.6050083333333334,1.0683706117983882,1271
weakly,2.0,4.12e-18,2.7,3,2.738114254426655,2.382794490388027,3.2134535083366838,0.8306590179486562,0.0381142544266546,1.0,0.6326,1.069165401166715,1235
weakly,2.0,4.12e-18,2.7,4,2.737421734066268,2.3580172231922267,3.232745888023973,0.8747286648317463,0.0374217340662674,1.0,0.5970500000000001,1.056764360079913,1213
weakly,2.0,4.12e-18,2.9,0,2.697624131849907,2.3192555097747376,3.206681836954322,0.8874263271795844,-0.2023758681500931,1.0,0.623975,1.0379575478388203,1190
weakly,2.0,4.12e-18,2.9,1,2.8403874607229933,2.4605363904142776,3.269091586998534,0.808555196584257,-0.0596125392770066,1.0,0.5941666666666667,1.1809107780339478,1208
weakly,2.0,4.12e-18,2.9,2,2.849917510494536,2.422379060813311,3.336814885203585,0.914435824390274,-0.0500824895054639,1.0,0.6149416666666666,1.11787835917526,1252
weakly,2.0,4.12e-18,2.9,3,2.7199560054238696,2.340205573345318,3.24862391709814,0.908418343752822,-0.1800439945761303,1.0,0.6012083333333333,1.1156488393802613,1221
weakly,2.0,4.12e-18,2.9,4,2.761343118437081,2.3609337498342264,3.254967673979594,0.8940339241453676,-0.1386568815629187,1.0,0.6254666666666666,1.0466454350964036,1194
weakly,3.0,6.18e-18,2.1,0,2.0251521255055223,1.821011824616945,2.1625401250631184,0.3415283004461731,-0.0748478744944778,1.0,0.6345416666666667,1.1887493457059106,1659
weakly,3.0,6.18e-18,2.1,1,2.0252620143900666,1.8806572130269743,2.1377741983869245,0.25711698535995,-0.0747379856099335,1.0,0.5879166666666666,1.3070591429845664,1701
weakly,3.0,6.18e-18,2.1,2,1.9544540978009424,1.7764462971253068,2.0945492709835736,0.3181029738582668,-0.1455459021990577,0.0,0.58215,1.4739971731727306,1754
weakly,3.0,6.18e-18,2.1,3,2.072283937319503,1.936820687994976,2.178931593942245,0.2421109059472692,-0.027716062680497,1.0,0.5847666666666667,1.3357719584261676,1705
weakly,3.0,6.18e-18,2.1,4,2.1368639164154613,1.981451453537984,2.255391505844256,0.2739400523062716,0.0368639164154611,1.0,0.5924333333333334,1.300072588309405,1741
weakly,3.0,6.18e-18,2.3,0,2.125273824438569,1.8736342001630653,2.303246122362544,0.4296119221994785,-0.1747261755614308,1.0,0.6135333333333334,1.2295209994289644,1508
weakly,3.0,6.18e-18,2.3,1,2.2653642326201,2.057852116833944,2.425341693023716,0.3674895761897718,-0.0346357673799002,1.0,0.5477833333333333,1.192964063811214,1511
weakly,3.0,6.18e-18,2.3,2,2.1391636739565145,1.8810000009480412,2.3418298731056897,0.4608298721576482,-0.1608363260434853,1.0,0.6288916666666667,1.2560560705394692,1577
weakly,3.0,6.18e-18,2.3,3,2.2280585102560297,2.0165194439320846,2.385201030865279,0.3686815869331945,-0.07194148974397,1.0,0.5789666666666666,1.2926363303965718,1539
weakly,3.0,6.18e-18,2.3,4,2.2220495572544934,2.004605068426716,2.376485223671428,0.3718801552447113,-0.0779504427455064,1.0,0.572525,1.3004632722342515,1522
weakly,3.0,6.18e-18,2.5,0,2.498811682775521,2.301359891242801,2.7056058956469173,0.4042460044041158,-0.001188317224479,1.0,0.9913125,3.1717092366456106,1406
weakly,3.0,6.18e-18,2.5,1,2.551477730404803,2.3585082222631857,2.737871810886287,0.3793635886231015,0.051477730404803,1.0,0.9936875,2.397650349475481,1414
weakly,3.0,6.18e-18,2.5,2,2.3651589609912413,2.2178086047863226,2.521391774576027,0.3035831697897042,-0.1348410390087586,1.0,0.9914375,2.1669447414755423,1482
weakly,3.0,6.18e-18,2.5,3,2.577462744478372,2.2565472708844942,3.015196215322973,0.758648944438479,0.0774627444783719,1.0,0.5975083333333333,1.1336578558135897,1437
weakly,3.0,6.18e-18,2.5,4,2.512054034649589,2.207851829891714,2.863697635816521,0.6558458059248071,0.0120540346495889,1.0,0.5939916666666667,1.1428147341243264,1422
weakly,3.0,6.18e-18,2.7,0,2.5204463723560986,2.2127998602151053,2.9416191025752254,0.7288192423601201,-0.1795536276439016,1.0,0.6105333333333333,1.0669670812084175,1363
weakly,3.0,6.18e-18,2.7,1,2.7304413700600016,2.355184209606632,3.17633835905556,0.8211541494489278,0.0304413700600014,1.0,0.6099416666666666,1.0544827080211223,1374
weakly,3.0,6.18e-18,2.7,2,2.4951576577933143,2.1673269034176057,2.8563138876770524,0.6889869842594467,-0.2048423422066858,1.0,0.6268916666666666,1.197572453497645,1437
weakly,3.0,6.18e-18,2.7,3,2.7676614124753205,2.4276778201829137,3.2103116218210523,0.7826338016381387,0.0676614124753203,1.0,0.6121333333333333,1.085901958299872,1391
weakly,3.0,6.18e-18,2.7,4,2.699599537381251,2.333284036473274,3.1821038240867523,0.8488197876134782,-0.000400462618749,1.0,0.62185,1.0674887044905657,1366
weakly,3.0,6.18e-18,2.9,0,2.6745993833080624,2.3128697141535755,3.196148756160096,0.8832790420065204,-0.2254006166919375,1.0,0.5843166666666666,1.0576115797696846,1339
weakly,3.0,6.18e-18,2.9,1,2.831907121531028,2.443685871960769,3.2554569290489903,0.8117710570882215,-0.0680928784689718,1.0,0.5965833333333334,1.1534973452353607,1351
weakly,3.0,6.18e-18,2.9,2,2.825290792742102,2.4354190393374795,3.2615897274229235,0.826170688085444,-0.0747092072578978,1.0,0.5962166666666666,1.138491127820662,1402
weakly,3.0,6.18e-18,2.9,3,2.8324953866624267,2.469855272200827,3.2673361100973395,0.7974808378965124,-0.0675046133375731,1.0,0.6122,1.1265116804856423,1369
weakly,3.0,6.18e-18,2.9,4,2.834732895745514,2.440370682636894,3.273778236567332,0.8334075539304382,-0.0652671042544859,1.0,0.5742,1.065517753770259,1412
